[{"data": "237.681", "time": "0.454"}, {"data": "235.665", "time": "0.464"}, {"data": "232.552", "time": "0.474"}, {"data": "158.638", "time": "3.544"}, {"data": "158.354", "time": "3.554"}, {"data": "159.072", "time": "3.564"}, {"data": "161.631", "time": "3.574"}, {"data": "164.895", "time": "3.584"}, {"data": "165.273", "time": "3.594"}, {"data": "165.744", "time": "3.604"}, {"data": "166.929", "time": "3.614"}, {"data": "168.620", "time": "3.624"}, {"data": "171.101", "time": "3.634"}, {"data": "173.823", "time": "3.644"}, {"data": "177.695", "time": "3.654"}, {"data": "181.085", "time": "3.664"}, {"data": "181.401", "time": "3.674"}, {"data": "180.304", "time": "3.684"}, {"data": "179.805", "time": "3.694"}, {"data": "179.243", "time": "3.704"}, {"data": "177.612", "time": "3.714"}, {"data": "176.571", "time": "3.724"}, {"data": "176.033", "time": "3.734"}, {"data": "175.750", "time": "3.744"}, {"data": "175.003", "time": "3.754"}, {"data": "174.207", "time": "3.764"}, {"data": "173.942", "time": "3.774"}, {"data": "173.728", "time": "3.784"}, {"data": "173.350", "time": "3.794"}, {"data": "173.096", "time": "3.804"}, {"data": "173.242", "time": "3.814"}, {"data": "172.735", "time": "3.824"}, {"data": "171.177", "time": "3.834"}, {"data": "170.934", "time": "3.844"}, {"data": "171.288", "time": "3.854"}, {"data": "168.908", "time": "3.864"}, {"data": "168.317", "time": "3.874"}, {"data": "174.046", "time": "3.884"}, {"data": "173.043", "time": "3.894"}, {"data": "168.257", "time": "3.904"}, {"data": "166.909", "time": "3.914"}, {"data": "175.762", "time": "3.954"}, {"data": "174.352", "time": "3.964"}, {"data": "169.301", "time": "3.974"}, {"data": "164.687", "time": "3.984"}, {"data": "161.972", "time": "3.994"}, {"data": "158.741", "time": "4.004"}]